aerospace-studies-minor/">Aerospace Studies Minors
african-american-diaspora-studies-minor/">African American and Diaspora Studies Minor
african-studies-minor/">African Studies Minor
african-african-american-diaspora-studies-major-ba/">African, African American, and Diaspora Studies Major, B.A.
american-indian-indigenous-studies-minor/">American Indian and Indigenous Studies Minor
american-studies-major-ba/">American Studies Major, B.A.
american-studies-major-baamerican-indian-indigenous-studies-concentration/">American Studies Major, B.A.–American Indian and Indigenous Studies Concentration
american-studies-major-ba-folklore-concentration/">American Studies Major, B.A.–Folklore Concentration
american-studies-major-ba-global-american-studies-concentration/">American Studies Major, B.A.–Global American Studies Concentration
american-studies-major-ba-southern-studies-concentration/">American Studies Major, B.A.–Southern Studies Concentration
american-studies-minor/">American Studies Minor
general-anthropology-minor/">Anthropology (General) Minor
anthropology-major-ba/">Anthropology Major, B.A.
arabic-minor/">Arabic Minor
archaeology-major-ba/">Archaeology Major, B.A.
archaeology-minor/">Archaeology Minor
art-history-major-ba/">Art History Major, B.A.
art-history-minor/">Art History Minor
asian-studies-major-ba-arab-cultures-concentration/">Asian Studies Major, B.A.–Arab Cultures Concentration
asian-studies-major-ba-chinese-concentration/">Asian Studies Major, B.A.–Chinese Concentration
asian-studies-major-ba-general-concentration/">Asian Studies Major, B.A.–Interdisciplinary Concentration
asian-studies-major-ba-japanese-concentration/">Asian Studies Major, B.A.–Japanese Concentration
asian-studies-major-ba-korean-concentration/">Asian Studies Major, B.A.–Korean Studies Concentration
asian-studies-major-ba-south-asian-studies-concentration/">Asian Studies Major, B.A.–South Asian Studies Concentration
asian-studies-minor/">Asian Studies Minor
astronomy-minor/">Astronomy Minor
biology-major-ba/">Biology Major, B.A.
biology-major-bs/">Biology Major, B.S.
biology-major-bs-quantitative-biology-track/">Biology Major, B.S.–Quantitative Biology Track
biology-minor/">Biology Minor
biomedical-health-sciences-engineering-major-bs-/">Biomedical and Health Sciences Engineering Major, B.S. 
biostatistics-major-bsph/">Biostatistics Major, B.S.P.H.
business-administration-major-bsba/">Business Administration Major, B.S.B.A.
business-administration-minor/">Business Administration Minor
business-journalism-major-ba/">Business Journalism Major, B.A.
certificate-dental-hygiene/">Certificate in Dental Hygiene
certificate-programs-media-journalism/">Certificate Programs in Media and Journalism
chemistry-major-ba/">Chemistry Major, B.A.
chemistry-major-bs/">Chemistry Major, B.S.
chemistry-major-bs-biochemistry-track/">Chemistry Major, B.S.–Biochemistry Track
chemistry-major-bs-polymer-track/">Chemistry Major, B.S.–Polymer Track
chemistry-minor/">Chemistry Minor
chinese-minor/">Chinese Minor
classical-humanities-minor/">Classical Humanities Minor
classics-major-ba-classical-archaeology/">Classics Major, B.A.–Classical Archaeology
classics-major-ba-classical-civilization/">Classics Major, B.A.–Classical Civilization
classics-major-ba-greek-latin/">Classics Major, B.A.–Greek, Latin, and Combined Greek and Latin
clinical-laboratory-science-major-bs/">Clinical Laboratory Science Major, B.S.
coaching-education-minor/">Coaching Education Minor
cognitive-science-minor/">Cognitive Science Minor
communication-studies-major-ba/">Communication Studies Major, B.A.
comparative-literature-minor/">Comparative Literature Minor
composition-rhetoric-digital-literacy-minor/">Composition, Rhetoric, and Digital Literacy Minor
computer-science-major-ba/">Computer Science Major, B.A.
computer-science-major-bs/">Computer Science Major, B.S.
computer-science-minor/">Computer Science Minor
conflict-management-minor/">Conflict Management Minor
contemporary-european-studies-major-ba/">Contemporary European Studies Major, B.A.
creative-writing-minor/">Creative Writing Minor
dental-hygiene-major-bs/">Dental Hygiene Major, B.S.
doctor-of-dental-surgery-dds/">Doctor of Dental Surgery, D.D.S.
dramatic-art-major-ba/">Dramatic Art Major, B.A.
dramatic-art-minor/">Dramatic Art Minor
economics-major-ba/">Economics Major, B.A.
education-minor/">Education Minor
english-comparative-major-ba/">English and Comparative Literature Major, B.A.
english-minor/">English Minor
entrepreneurship-minor/">Entrepreneurship Minor
environmental-health-sciences-major-bsph/">Environmental Health Sciences Major, B.S.P.H.
environmental-science-studies-minor/">Environmental Science and Studies Minor
environmental-science-bs/">Environmental Science, B.S.
environmental-studies-major-ba/">Environmental Studies Major, B.A.
exercise-sport-science-major-ba-fitness-professional/">Exercise and Sport Science Major, B.A.–Fitness Professional
exercise-sport-science-major-ba-general/">Exercise and Sport Science Major, B.A.–General
exercise-sport-science-major-ba-sport-administration/">Exercise and Sport Science Major, B.A.–Sport Administration
exercise-sport-science-minor/">Exercise and Sport Science Minor
folklore-minor/">Folklore Minor
food-studies-minor/">Food Studies Minor
french-minor/">French Minor
gis-minor/">Geographic Information Sciences Minor
geography-major-ba/">Geography Major, B.A.
geography-minor/">Geography Minor
geological-sciences-major-ba-earth-science-concentration/">Geological Sciences Major, B.A.–Earth Science Concentration
geological-sciences-major-bs-earth-science-concentration/">Geological Sciences Major, B.S.–Earth Science Concentration
geological-sciences-major-bs-environmental-geoscience-concentration/">Geological Sciences Major, B.S.–Environmental Geoscience Concentration
geological-sciences-minor/">Geological Sciences Minor
german-minor/">German Minor
germanic-slavic-languages-literatures-major-ba-central-european-studies-concentration/">Germanic and Slavic Languages and Literatures Major, B.A.–Central European Studies Concentration
germanic-slavic-languages-literatures-major-ba-german-literature-culture-concentration/">Germanic and Slavic Languages and Literatures Major, B.A.–German Literature and Culture Concentration
germanic-slavic-languages-literatures-major-ba-german-media-arts-culture-concentration/">Germanic and Slavic Languages and Literatures Major, B.A.–German Media, Arts, and Culture Concentration
germanic-slavic-languages-literatures-major-ba-russian-language-culture-concentration/">Germanic and Slavic Languages and Literatures Major, B.A.–Russian Language and Culture Concentration
germanic-slavic-languages-literatures-major-slavic-east-european-languages-cultures-concentration/">Germanic and Slavic Languages and Literatures Major, B.A.–Slavic and East European Languages and Cultures Concentration
global-american-studies-minor/">Global American Studies Minor
global-cinema-minor/">Global Cinema Minor
global-studies-major-ba/">Global Studies Major, B.A.
greek-minor/">Greek Minor
health-society-minor/">Health and Society Minor
health-policy-management-major-bsph/">Health Policy and Management Major, B.S.P.H.
heritage-global-engagement-minor/">Heritage and Global Engagement Minor
hindi-urdu-minor/">Hindi-Urdu Minor
hispanic-studies-minor/">Hispanic Studies Minor
history-major-ba/">History Major, B.A.
history-minor/">History Minor
human-development-family-studies-baed/">Human Development and Family Studies, B.A.Ed.
information-science-major-bs/">Information Science Major, B.S.
information-systems-minor/">Information Systems Minor
interdisciplinary-studies-major-ba/">Interdisciplinary Studies Major, B.A.
interdisciplinary-studies-major-ba-cultural-studies/">Interdisciplinary Studies Major, B.A.–Cultural Studies
islamic-middle-eastern-studies-minor/">Islamic and Middle Eastern Studies Minor
italian-minor/">Italian Minor
japanese-minor/">Japanese Minor
jewish-studies-minor/">Jewish Studies Minor
korean-minor/">Korean Minor
latin-american-studies-major-ba/">Latin American Studies Major, B.A.
latin-minor/">Latin Minor
latina-latino-studies-minor/">Latina/o Studies Minor
linguistics-major-ba/">Linguistics Major, B.A.
linguistics-minor/">Linguistics Minor
management-society-major-ba/">Management and Society Major, B.A.
marine-sciences-minor/">Marine Sciences Minor
mathematics-major-ba/">Mathematics Major, B.A.
mathematics-major-bs/">Mathematics Major, B.S.
mathematics-minor/">Mathematics Minor
media-journalism-major-ba/">Media and Journalism Major, B.A.
media-journalism-minor/">Media and Journalism Minor
medical-anthropology-minor/">Medical Anthropology Minor
medicine-literature-culture-minor/">Medicine, Literature, and Culture Minor
medieval-early-modern-studies-minor/">Medieval and Early Modern Studies (MEMS) Minor
middle-eastern-languages-minor/">Middle Eastern Languages Minor
military-science-minor/">Military Science and Leadership Minor
modern-hebrew-minor/">Modern Hebrew Minor
music-major-ba/">Music Major, B.A.
music-major-bmus/">Music Major, Bachelor of Music (B.Mus.)
music-minor/">Music Minor
naval-science-minor/">Naval Science Minor
neuroscience-major-bs/">Neuroscience Major, B.S.
neuroscience-minor/">Neuroscience Minor
nursing-major-bsn/">Nursing Major, B.S.N.
nutrition-major-bsph/">Nutrition Major, B.S.P.H.
peace-war-defense-major-ba/">Peace, War, and Defense Major, B.A.
persian-minor/">Persian Minor
philosophy-major-ba/">Philosophy Major, B.A.
philosophy-minor/">Philosophy Minor
philosophy-politics-economics-minor/">Philosophy, Politics, and Economics (PPE) Minor
physics-major-ba/">Physics Major, B.A.
physics-major-bs/">Physics Major, B.S.
physics-minor/">Physics Minor
political-science-major-ba/">Political Science Major, B.A.
portuguese-minor/">Portuguese Minor
psychology-major-ba/">Psychology Major, B.A.
psychology-major-bs/">Psychology Major, B.S.
public-policy-major-ba/">Public Policy Major, B.A.
public-policy-minor/">Public Policy Minor
radiologic-science-major-bs/">Radiologic Science Major, B.S.
religious-studies-major-ba/">Religious Studies Major, B.A.
religious-studies-major-ba-jewish-studies-concentration/">Religious Studies Major, B.A.–Jewish Studies Concentration
religious-studies-minor/">Religious Studies Minor
romance-languages-major-ba-french-francophone-studies/">Romance Languages Major, B.A.–French and Francophone Studies
romance-languages-major-ba-hispanic-linguistics/">Romance Languages Major, B.A.–Hispanic Linguistics
romance-languages-major-ba-hispanic-literatures-cultures/">Romance Languages Major, B.A.–Hispanic Literatures and Cultures
romance-languages-major-ba-italian/">Romance Languages Major, B.A.–Italian
romance-languages-major-ba-portuguese/">Romance Languages Major, B.A.–Portuguese
russian-culture-minor/">Russian Culture Minor
sexuality-studies-minor/">Sexuality Studies Minor
slavic-east-european-languages-cultures-minor/">Slavic and East European Languages and Cultures Minor
social-economic-justice-minor/">Social and Economic Justice Minor
sociology-major-ba/">Sociology Major, B.A.
southern-studies-minor/">Southern Studies Minor
spanish-professions-minor/">Spanish Minor for the Professions
speech-hearing-sciences-minor/">Speech and Hearing Sciences Minor
statistics-analytics-majors-bs/">Statistics and Analytics Major, B.S.
statistics-and-analytics-minor/">Statistics and Analytics Minor
studio-art-major-ba/">Studio Art Major, B.A.
studio-art-major-bfa/">Studio Art Major, Bachelor of Fine Arts (B.F.A)
studio-art-major-bfa-art-history-emphasis/">Studio Art Major, Bachelor of Fine Arts (B.F.A)–Art History Emphasis
studio-art-minor/">Studio Art Minor
study-christianity-culture-minor/">Study of Christianity and Culture Minor
sustainability-studies-minor/">Sustainability Studies Minor
translation-minor/">Translation and Interpreting Minor
urban-studies-planning-minor/">Urban Studies and Planning Minor
womens-gender-studies-major-ba/">Women’s and Gender Studies Major, B.A.
womens-gender-studies-minor/">Women’s and Gender Studies Minor
writing-screen-stage-minor/">Writing for the Screen and Stage Minor